<?xml version="1.0"?>
<!--
/**
* KiwiCommerce
*
* Do not edit or add to this file if you wish to upgrade to newer versions in the future.
* If you wish to customise this module for your needs.
* Please contact us https://kiwicommerce.co.uk/contacts.
*
* @category   KiwiCommerce
* @package    KiwiCommerce_EnhancedSMTP
* @copyright  Copyright (C) 2018 Kiwi Commerce Ltd (https://kiwicommerce.co.uk/)
* @license    https://kiwicommerce.co.uk/magento2-extension-license/
*/
-->
<config xmlns:xsi="http://www.w3.org/2001/XMLSchema-instance" xsi:noNamespaceSchemaLocation="urn:magento:framework:Acl/etc/acl.xsd">
    <acl>
        <resources>
            <resource id="Magento_Backend::admin">
                <resource id="Magento_Backend::stores">
                    <resource id="Magento_Backend::stores_settings">
                        <resource id="Magento_Config::config">
                            <resource id="KiwiCommerce_EnhancedSMTP::enhancedsmtp_configuration" title="EnhancedSMTP Section" />
                        </resource>
                    </resource>
                </resource>
                <resource id="Magento_Backend::system">
                    <resource id="KiwiCommerce_EnhancedSMTP::enhancedsmtp" title="Enhanced SMTP by KiwiCommerce" sortOrder="100" >
                        <resource id="KiwiCommerce_EnhancedSMTP::emaillog" title="Email Logs" sortOrder="10" />
                    </resource>
                </resource>
            </resource>
        </resources>
    </acl>
</config>