<?xml version="1.0"?>
<!--
/**
* KiwiCommerce
*
* Do not edit or add to this file if you wish to upgrade to newer versions in the future.
* If you wish to customise this module for your needs.
* Please contact us https://kiwicommerce.co.uk/contacts.
*
* @category   KiwiCommerce
* @package    KiwiCommerce_EnhancedSMTP
* @copyright  Copyright (C) 2018 Kiwi Commerce Ltd (https://kiwicommerce.co.uk/)
* @license    https://kiwicommerce.co.uk/magento2-extension-license/
*/
-->
<config xmlns:xsi="http://www.w3.org/2001/XMLSchema-instance" xsi:noNamespaceSchemaLocation="urn:magento:framework:ObjectManager/etc/config.xsd">
    <preference for="KiwiCommerce\EnhancedSMTP\Api\LogsRepositoryInterface" type="KiwiCommerce\EnhancedSMTP\Model\LogsRepository" />
    <preference for="KiwiCommerce\EnhancedSMTP\Api\Data\LogSearchResultsInterface" type="Magento\Framework\Api\SearchResults" />
    <preference for="KiwiCommerce\EnhancedSMTP\Api\Data\LogInterface" type="KiwiCommerce\EnhancedSMTP\Model\Logs" />
    <!-- Create our type LogsGridDataProvider -->
    <virtualType name="LogsGridDataProvider" type="Magento\Framework\View\Element\UiComponent\DataProvider\DataProvider">
        <arguments>
            <argument name="collection" xsi:type="object" shared="false">KiwiCommerce\EnhancedSMTP\Model\Resource\Logs\Collection</argument>
            <argument name="filterPool" xsi:type="object" shared="false">LogsGridFilterPool</argument>
        </arguments>
    </virtualType>
    <!-- Create our type LogsGridFilterPool -->
    <virtualType name="LogsGridFilterPool" type="Magento\Framework\View\Element\UiComponent\DataProvider\FilterPool">
        <arguments>
            <argument name="appliers" xsi:type="array">
                <item name="regular" xsi:type="object">Magento\Framework\View\Element\UiComponent\DataProvider\RegularFilter</item>
                <item name="fulltext" xsi:type="object">Magento\Framework\View\Element\UiComponent\DataProvider\FulltextFilter</item>
            </argument>
        </arguments>
    </virtualType>
    <!-- Simulate our class KiwiCommerce\EnhancedSMTP\Model\ResourceModel\Grid\Log\Collection -->
    <virtualType name="KiwiCommerce\EnhancedSMTP\Model\ResourceModel\Grid\Logs\Collection" type="Magento\Framework\View\Element\UiComponent\DataProvider\SearchResult">
        <arguments>
            <argument name="mainTable" xsi:type="string">kiwicommerce_email_log</argument>
            <argument name="resourceModel" xsi:type="string">KiwiCommerce\EnhancedSMTP\Model\ResourceModel\Logs</argument>
        </arguments>
    </virtualType>
    <!-- Type for email_logs_listing_data_source -->
    <type name="Magento\Framework\View\Element\UiComponent\DataProvider\CollectionFactory">
        <arguments>
            <argument name="collections" xsi:type="array">
                <item name="email_logs_listing_data_source" xsi:type="string">KiwiCommerce\EnhancedSMTP\Model\ResourceModel\Grid\Logs\Collection</item>
            </argument>
        </arguments>
    </type>
    <!-- Custom Logger and Handler -->
    <type name="KiwiCommerce\EnhancedSMTP\Logger\Handler">
        <arguments>
            <argument name="filesystem" xsi:type="object">Magento\Framework\Filesystem\Driver\File</argument>
        </arguments>
    </type>
    <type name="KiwiCommerce\EnhancedSMTP\Logger\Logger">
        <arguments>
            <argument name="name" xsi:type="string">enhancedSmtpLogHandler</argument>
            <argument name="handlers"  xsi:type="array">
                <item name="system" xsi:type="object">KiwiCommerce\EnhancedSMTP\Logger\Handler</item>
            </argument>
        </arguments>
    </type>
    <!--Save Email log-->
    <preference for="Magento\Framework\Mail\Template\TransportBuilder" type="KiwiCommerce\EnhancedSMTP\Email\Log\SaveEmailLog" />
    <type name="\Magento\Framework\Mail\TransportInterface">
        <plugin sortOrder="10" name="kiwicommerceSmtpMailTransport" type="KiwiCommerce\EnhancedSMTP\Email\Transport"/>
    </type>
</config>
