<?xml version="1.0"?>
<!--
/**
* KiwiCommerce
*
* Do not edit or add to this file if you wish to upgrade to newer versions in the future.
* If you wish to customise this module for your needs.
* Please contact us https://kiwicommerce.co.uk/contacts.
*
* @category   KiwiCommerce
* @package    KiwiCommerce_EnhancedSMTP
* @copyright  Copyright (C) 2018 Kiwi Commerce Ltd (https://kiwicommerce.co.uk/)
* @license    https://kiwicommerce.co.uk/magento2-extension-license/
*/
-->
<config xmlns:xsi="http://www.w3.org/2001/XMLSchema-instance" xsi:noNamespaceSchemaLocation="urn:magento:framework:ObjectManager/etc/config.xsd">
    <type name="Magento\Framework\Notification\MessageList">
        <arguments>
            <argument name="messages" xsi:type="array">
                <item name="smtpFailedWarningMessage" xsi:type="string">KiwiCommerce\EnhancedSMTP\Model\System\Message\SmtpFailedWarningMessage</item>
            </argument>
        </arguments>
    </type>
</config>